,,,,,,,,,,,,,,,,,,FY12,FY13,FY14,,,FY15,,,FY16,,,FY17,,,FY18,,,,FY19,,,FY20,,,,FY21 (Covid),,,FY22,,,
STATION, FY1995 , FY1996 , FY1997 , FY1998 , FY1999 , FY2000 , FY2001 , FY2002 , FY2003 , FY2004 , FY2005 , FY2006 , FY2007 , FY2008 , FY2009 , FY2010 , FY2011 ,Spring 2012,Spring 2013,Summer 2013,Fall 2013,Spring 2014,Summer 2014,Fall 2014,Spring 2015,Summer 2015,Fall 2015,Spring 2016,Summer 2016,Fall 2016,Spring 2017,Summer 2017,Fall 2017,Spring 2018 (pre-Courthouse),Spring 2018 (w/Courthouse),Summer 2018,Fall 2018,Spring 2019,Summer 2019,Fall 2019,Spring 2020 (thru April 11),April 2020 (Covid),Summer 2020,Fall 2020,Spring 2021,Summer 2021,Fall 2021 (Sept21),Mid Coast (Nov 21),Spring 2022
 12th/Imperial ,"5,797","6,414","6,979","7,972","8,345","8,611","9,577","9,381","8,728","8,601","8,350","8,017","9,171","8,542","9,149","8,628","9,563","  7,089 ","11,456","11,925","12,157","12,221","12,245","12,003","12,817","13,117","12,452","12,369","12,342","11,203","11,942","11,857","11,681","12,067","12,110","12,369","12,309","11,641","12,026","12,379","  9,943 ","  5,861 ","  6,937 ","  7,776 ","  7,743 ","  9,771 ", missing ,"  9,500 ","  11,266 "
 12th/Imperial (Bayside) ,457,418,584,547,598,586,716,537,710,676,678,613,597,634,756,576,590,  421 ,"4,704","5,141","4,985","4,921","5,154","4,833","4,819","4,975","4,946","4,900","4,840","4,466","4,642","4,461","4,144","4,273","4,292","4,325","4,369","4,377","4,516","4,472","  2,888 ","  1,455 ","  1,887 ","  2,081 ","  2,029 ","  2,481 ", from  ,"  2,390 ","  2,857 "
 24th St ,"1,703","2,140","2,075","2,558","2,637","3,004","3,003","2,809","2,609","2,652","2,380","2,345","2,378","2,179","2,387","2,096","2,318","  1,542 ","1,890","1,824","1,888","1,821","1,723","1,842","2,228","2,217","2,171","2,128","2,091","1,969","2,116","2,069","2,060","2,181","2,188","2,202","2,204","2,300","2,308","2,376","  1,727 ",  867 ,"  1,068 ","  1,238 ","  1,232 ","  1,596 ", RCP ,"  1,638 ","  2,008 "
 25th & Commercial ,"1,109","1,176",954,"1,107","1,084","1,209","1,251","1,126","1,336","1,225","1,235","1,162","1,075","1,083","1,268","1,264","1,253",  679 ,"1,318","1,326","1,454","1,405","1,338","1,396","1,434","1,446","1,431","1,419","1,385","1,307","1,276","1,179","1,229","1,226","1,233","1,307","1,337","1,346","1,300","1,387","  1,056 ",  613 ,  685 ,  791 ,  722 ,  902 ,,  961 ,"  1,126 "
 32nd & Commercial ,717,725,821,855,980,"1,047","1,136","1,060","1,057",940,875,870,904,936,916,944,"1,007",  605 ,"1,199","1,056","1,225","1,179","1,058","1,166","1,173","1,109","1,122","1,097",963,965,"1,015",838,929,905,910,841,863,817,757,903,  642 ,  306 ,  341 ,  391 ,  370 ,  512 ,,  546 ,  695 
 47th St ,678,581,652,782,842,845,918,871,912,775,713,686,561,607,568,569,630,  312 ,674,644,686,688,715,689,642,628,597,617,567,558,584,556,565,584,587,555,538,530,490,543,  402 ,  203 ,  234 ,  273 ,  251 ,  314 ,,  353 ,  426 
 70th St ,,,,,,,,,,,,382,548,702,556,475,504,  497 ,654,619,660,640,611,639,606,581,588,588,486,466,476,459,465,458,460,393,392,410,360,462,  302 ,  135 ,  155 ,  170 ,  155 ,  217 ,,  242 ,  280 
 8th St ,976,"1,043","1,097","1,209","1,244","1,423","1,550","1,379","1,451","1,474","1,504","1,231","1,529","2,004","2,163","1,871","1,895","  1,370 ","1,546","1,543","1,513","1,457","1,427","1,493","1,853","1,873","1,843","1,813","1,838","1,663","1,778","1,723","1,691","1,776","1,779","1,797","1,832","1,882","1,897","1,980","  1,464 ",  801 ,"  1,024 ","  1,167 ","  1,166 ","  1,417 ",,"  1,426 ","  1,689 "
 Alvarado ,,,,,,,,,,,,419,561,614,684,430,427,  382 ,857,612,943,890,573,863,783,617,831,706,464,650,613,415,717,678,680,419,600,592,384,749,  463 ,  137 ,  164 ,  185 ,  200 ,  347 ,,  288 ,  431 
 Amaya Drive ,410,316,337,411,364,404,430,334,486,306,323,577,"1,123","1,166","1,376","1,090",839,  596 ,838,697,821,788,704,751,732,693,715,693,628,647,669,573,625,632,631,538,572,572,507,589,  424 ,  206 ,  225 ,  264 ,  259 ,  329 ,,  309 ,  389 
 America Plaza ,"2,145","2,167","2,641","3,145","3,552","3,583","3,542","3,422","3,938","3,857","3,964","3,457","3,474","3,651","3,730","3,152","3,251","  2,110 ","2,598","2,553","2,288","2,712","2,876","2,931","3,134","3,335","3,185","2,901","2,923","2,615","2,485","3,167","3,128","3,068","3,139","2,545","2,541","2,365","2,510","2,837","  2,169 ","  1,028 ","  1,396 ","  1,454 ","  1,493 ","  1,868 ",,"  1,690 ","  1,838 "
 Arnele Ave ,,169,221,285,372,333,344,284,374,383,341,656,793,871,982,971,989,  770 ,818,739,770,730,705,732,688,629,627,605,528,529,538,522,543,559,559,"1,009","1,051","1,088","1,086","1,194",  990 ,  623 ,  624 ,  646 ,  653 ,  748 ,,  824 ,  937 
 Balboa Avenue,,,,,,,,,,,,,,,,,,,,,,,,,,,,,,,,,,,,,,,,,,,,,,,,  584 ,  840 
 Barrio Logan ,662,463,689,641,742,667,776,724,908,705,720,823,774,"1,061",919,707,923,  582 ,810,769,783,730,696,919,"1,173","1,243","1,389","1,400","1,283","1,288","1,469","1,277","1,350","1,355","1,354","1,293","1,340","1,429","1,385","1,666","  1,346 ",  766 ,"  1,024 ","  1,115 ","  1,060 ","  1,318 ",,"  1,101 ","  1,393 "
 Beyer Blvd ,"1,412","1,418","1,617","1,958","2,011","2,030","2,146","1,787","1,709","1,538","1,587","1,451","1,598","1,489","1,643","1,401","1,637","  1,504 ","1,490","1,342","1,503","1,627","1,535","1,600","2,013","1,849","1,834","1,899","1,730","1,709","1,884","1,722","1,898","1,950","1,959","1,879","1,874","1,987","1,965","1,902","  1,356 ",  700 ,  879 ,"  1,024 ","  1,023 ","  1,318 ",,"  1,343 ","  2,030 "
 City College ,"3,752","4,198","4,602","5,232","5,561","5,787","5,106","5,729","5,381","5,005","5,023","5,266","5,300","6,022","7,235","6,992","7,365","  4,555 ","5,954","4,900","5,645","5,914","5,005","6,040","6,713","6,072","6,687","6,234","5,569","5,594","5,918","5,284","5,837","6,074","6,116","5,499","5,724","5,675","5,103","6,279","  4,614 ","  2,197 ","  2,577 ","  2,766 ","  2,732 ","  3,544 ",,"  3,703 ","  4,418 "
 Civic Center ,"2,857","2,977","3,300","3,912","4,177","4,611","4,372","4,353","4,672","4,297","4,348","3,743","3,858","4,000","3,940","3,509","3,562","  1,929 ","3,881","3,148","3,252","3,167","3,065","3,174","3,475","3,389","3,483","3,414","3,026","2,993","3,052","3,260","3,111","3,349","3,331","2,893","2,661","2,777","2,638","2,853","  2,094 ",  965 ,"  1,085 ","  1,168 ","  1,257 ","  1,715 ",,"  1,704 ","  2,041 "
 Clairemont Drive,,,,,,,,,,,,,,,,,,,,,,,,,,,,,,,,,,,,,,,,,,,,,,,,  166 ,  224 
 Convention Center ,272,327,424,463,568,468,757,565,576,554,641,504,502,578,645,459,409,  139 ,628,829,664,686,925,675,662,815,622,638,788,596,621,830,647,637,637,739,687,659,843,682,  519 ,  269 ,  318 ,  334 ,  328 ,  464 ,,  453 ,  623 
 County Center/Little Italy ,434,394,634,664,707,824,768,802,801,854,885,881,"1,008",909,"1,109","1,056",972,  781 ,"1,153","1,149","1,095","1,126","1,321","1,156","1,147","1,181","1,025",986,"1,108",944,"1,008","1,105",943,979,981,"1,048",968,989,"1,100","1,024",  771 ,  385 ,  464 ,  531 ,  538 ,  735 ,,"  1,020 ","  1,313 "
 Courthouse Station,,,,,,,,,,,,,,,,,,,,,,,,,,,,,,,,,,,,899,909,937,946,"1,046",  793 ,  396 ,  416 ,  474 ,  458 ,  572 ,,  549 ,  673 
 E St ,"1,529","1,643","1,763","1,877","2,097","2,450","2,334","2,247","2,208","2,225","2,306","2,186","2,188","2,421","2,430","2,259","2,316","  1,682 ","2,124","2,023","1,989","2,065","2,026","2,099","2,546","2,516","2,451","2,427","2,361","2,163","2,342","2,278","2,244","2,338","2,346","2,297","2,266","2,348","2,349","2,460","  1,768 ",  906 ,"  1,083 ","  1,242 ","  1,244 ","  1,536 ",,"  1,568 ","  1,824 "
 El Cajon ,"1,995","2,120","2,103","2,360","2,519","2,614","2,657","2,376","2,746","2,420","2,571","3,211","3,208","3,457","3,642","3,380","3,762","  3,101 ","5,105","4,822","4,981","4,799","4,757","4,689","4,386","4,246","4,129","3,917","3,805","3,634","3,745","3,643","3,687","3,691","3,701","3,153","3,124","3,083","3,075","3,112","  2,279 ","  1,122 ","  1,295 ","  1,412 ","  1,377 ","  1,622 ",,"  1,575 ","  1,912 "
 Encanto/62nd St ,878,817,856,"1,068","1,068","1,212","1,292","1,167","1,190","1,092",919,"1,160","1,265","1,311","1,487","1,438","1,657",  950 ,"1,808","1,644","1,770","1,728","1,666","1,734","1,676","1,557","1,572","1,568","1,358","1,335","1,335","1,274","1,307","1,326","1,331","1,263","1,305","1,320","1,199","1,407","  1,008 ",  484 ,  513 ,  585 ,  550 ,  683 ,,  695 ,  890 
 Euclid Ave ,"1,346","1,413","1,430","1,847","1,914","2,136","2,120","2,140","2,194","2,229","1,962","2,213","2,378","2,482","2,607","2,576","2,806","  1,781 ","3,361","3,164","3,357","3,293","3,237","3,223","3,038","2,920","2,850","2,870","2,556","2,499","2,592","2,453","2,507","2,503","2,509","2,420","2,452","2,416","2,356","2,605","  1,940 ","  1,013 ","  1,117 ","  1,265 ","  1,161 ","  1,431 ",,"  1,401 ","  1,792 "
 Executive Drive,,,,,,,,,,,,,,,,,,,,,,,,,,,,,,,,,,,,,,,,,,,,,,,,  513 ,  687 
 Fashion Valley ,,,,,"1,737","1,918","2,099","1,754","1,721","1,656","1,943","2,195","2,184","2,395","2,409","2,337","2,214","  2,334 ","2,932","3,165","3,156","2,906","3,190","2,902","2,662","2,786","2,537","2,273","2,410","2,164","2,095","2,244","2,052","1,953","1,958","2,032","2,069","1,971","2,082","2,274","  1,524 ",  563 ,  765 ,  871 ,  916 ,"  1,267 ",,"  1,272 ","  1,523 "
 Fenton Parkway ,,,,,,,137,212,319,363,414,497,580,626,691,568,526,  593 ,753,756,756,700,693,722,691,792,783,743,672,666,636,587,612,579,580,546,577,583,524,662,  460 ,  178 ,  200 ,  220 ,  252 ,  340 ,,  361 ,  430 
 Fifth Ave ,"3,383","3,520","3,944","4,296","4,880","5,016","5,103","4,523","5,022","4,952","5,344","4,680","4,713","4,605","4,227","4,206","4,563","  3,442 ","1,964","3,522","3,587","3,670","3,643","3,737","4,037","4,111","3,908","3,832","3,771","3,578","3,637","3,609","3,522","3,646","3,666","3,668","3,546","3,412","3,373","3,705","  2,729 ","  1,460 ","  1,697 ","  1,800 ","  1,851 ","  2,182 ",,"  2,462 ","  2,884 "
 Gaslamp Quarter ,159,128,260,214,313,204,227,298,325,320,433,418,343,458,599,520,448,  297 ,"1,129","1,406","1,170","1,164","1,576","1,073","1,172","1,444",953,986,"1,395",841,882,"1,386","1,066","1,261","1,250","1,457","1,318","1,457","1,594","1,668","  1,533 ","  1,089 ","  1,190 ","  1,243 ","  1,059 ","  1,313 ",,  625 ,  788 
 Gillespie Field ,,194,196,254,226,279,238,240,252,206,185,523,624,648,787,674,695,  487 ,346,316,353,323,321,303,301,287,296,293,262,255,272,254,276,261,261,251,264,257,260,"1,157",  194 ,  100 ,  102 ,  135 ,  127 ,  138 ,,  126 ,  145 
 Grantville ,,,,,,,,,,,,787,978,"1,045","1,159","1,182","1,123","  1,102 ","1,280","1,275","1,376","1,355","1,325","1,331","1,181","1,080","1,069",983,947,937,963,872,920,857,858,779,842,848,847,936,  682 ,  324 ,  382 ,  408 ,  409 ,  478 ,,  468 ,  550 
 Grossmont ,735,900,"1,005","1,162","1,163","1,181","1,093","1,052","1,097","1,107","1,006","2,556","2,875","2,422","2,741","2,503","3,036","  2,471 ","3,681","3,389","3,622","3,516","3,329","3,432","3,187","3,023","3,090","2,864","2,555","2,604","2,605","2,379","2,554","2,510","2,521","2,334","2,469","2,353","2,224","2,617","  1,827 ",  861 ,  976 ,"  1,097 ","  1,082 ","  1,302 ",,"  1,317 ","  1,610 "
 H St ,"2,512","2,739","2,902","3,622","3,540","3,910","4,134","4,172","3,689","3,518","3,749","3,660","3,281","3,444","3,552","3,069","3,616","  2,303 ","2,787","2,726","2,675","2,775","2,412","2,598","3,281","3,185","3,202","3,126","2,982","2,860","3,111","2,925","3,008","3,151","3,164","2,932","2,955","2,915","2,696","2,949","  2,113 ",  895 ,"  1,149 ","  1,311 ","  1,357 ","  1,741 ",,"  1,835 ","  2,224 "
 Harborside ,979,"1,126","1,018","1,022","1,006","1,052","1,046","1,062","1,049","1,043","1,130","1,244","1,376","1,501","1,683","1,287","1,095",  678 ,841,846,721,703,817,926,"1,115","1,188","1,109","1,070",954,914,"1,039",932,"1,127","1,164","1,165",946,998,"1,184","1,437","1,644",  943 ,  683 ,  802 ,"  1,037 ","  1,000 ","  1,437 ",,"  1,385 ","  1,482 "
 Hazard Center ,,,,,541,632,558,486,560,644,540,753,721,796,768,783,692,  742 ,922,953,928,916,"1,007",889,881,"1,033",877,829,927,808,856,878,806,765,768,803,751,752,813,889,  715 ,  410 ,  428 ,  466 ,  457 ,  529 ,,  549 ,  629 
 Iris Ave ,"2,136","2,082","2,462","2,780","2,881","3,030","3,112","3,423","3,079","2,885","2,855","2,763","3,052","3,056","3,401","2,936","3,586","  2,556 ","3,317","3,206","3,091","3,306","3,204","3,396","3,854","3,998","4,154","4,026","4,202","3,956","4,137","4,035","4,031","4,269","4,294","4,181","4,122","4,055","4,027","4,208","  3,152 ","  1,480 ","  1,984 ","  2,224 ","  2,181 ","  2,822 ",,"  2,841 ","  3,384 "
 La Mesa Blvd ,799,903,922,"1,117","1,079","1,177","1,191","1,078","1,121","1,017",970,"1,089","1,045","1,037","1,135","1,203","1,150",  828 ,"1,487","1,399","1,449","1,355","1,319","1,295","1,205","1,151","1,121","1,063","1,038","1,019","1,038",975,"1,000",987,990,961,948,943,929,977,  730 ,  372 ,  403 ,  475 ,  440 ,  536 ,,  525 ,  675 
 Lemon Grove Depot ,"1,107","1,321","1,391","1,761","1,670","1,792","1,963","1,725","1,635","1,720","1,709","1,758","1,722","1,753","1,879","1,919","1,856","  1,236 ","2,338","2,193","2,339","2,262","2,233","2,187","2,110","2,080","1,987","1,973","1,890","1,777","1,887","1,722","1,783","1,779","1,784","1,704","1,649","1,571","1,498","1,551","  1,191 ",  669 ,  744 ,  855 ,  761 ,  874 ,,  905 ,"  1,154 "
 Massachusetts Ave ,513,532,513,584,610,787,725,698,753,658,546,634,558,553,664,518,612,  369 ,715,682,698,670,668,650,604,601,575,602,556,539,574,548,568,574,575,563,573,556,542,581,  403 ,  208 ,  223 ,  251 ,  231 ,  296 ,,  294 ,  391 
 Middletown ,,,161,235,246,288,271,315,355,257,320,322,308,355,354,259,292,  184 ,374,390,362,359,405,371,366,363,348,342,311,282,298,321,282,276,277,270,277,278,282,320,  230 ,  140 ,  148 ,  162 ,  165 ,  196 ,,  243 ,  302 
 Mission San Diego ,,,,,604,582,561,543,649,676,692,394,481,480,469,385,394,  401 ,464,463,512,479,461,452,445,405,426,452,411,398,418,384,382,392,394,352,369,360,337,420,  290 ,  137 ,  155 ,  164 ,  191 ,  268 ,,  263 ,  344 
 Mission Valley Center ,,,,,694,890,748,400,719,693,718,920,"1,000","1,003","1,084","1,110",929,  980 ,"1,195","1,235","1,262","1,098","1,175","1,174","1,032","1,078","1,055",927,929,862,822,826,791,705,706,745,784,692,725,753,  515 ,  281 ,  363 ,  418 ,  410 ,  532 ,,  571 ,  661 
 Morena/Linda Vista ,,,,,512,703,667,640,718,780,663,550,615,785,737,709,691,  716 ,"1,017","1,006","1,036","1,016","1,057","1,022","1,026","1,038",967,940,949,862,932,982,909,919,922,904,892,919,975,992,  680 ,  362 ,  416 ,  430 ,  443 ,  560 ,,  479 ,  586 
 Nobel Drive,,,,,,,,,,,,,,,,,,,,,,,,,,,,,,,,,,,,,,,,,,,,,,,,  729 ,"  1,099 "
 Old Town ,,,"2,968","4,025","4,104","4,352","4,134","3,782","4,072","3,836","4,517","10,536","11,010","11,270","11,706","10,764","10,806","  9,392 ","6,529","6,781","6,209","6,147","6,432","5,835","5,763","5,978","5,443","5,332","5,411","4,686","4,947","5,122","4,598","4,739","4,763","4,906","4,789","4,849","5,115","5,487","  3,778 ","  1,769 ","  2,160 ","  2,300 ","  2,350 ","  3,076 ",,"  4,305 ","  5,465 "
 Pacific Fleet ,753,785,743,824,773,875,815,792,853,731,810,554,810,778,674,531,687,  500 ,632,713,566,557,635,613,681,799,720,691,662,576,642,599,632,677,678,603,542,619,770,855,  631 ,  410 ,  504 ,  552 ,  599 ,  916 ,,  694 ,  829 
 Palm Ave ,"1,573","1,571","1,861","1,993","2,175","2,574","2,813","2,461","2,370","2,276","2,296","2,277","2,267","2,535","2,703","2,346","2,414","  1,736 ","2,047","2,024","2,028","2,173","2,205","2,047","2,358","2,506","2,415","2,449","2,503","2,266","2,434","2,340","2,328","2,425","2,434","2,449","2,443","2,525","2,514","2,582","  1,908 ","  1,067 ","  1,263 ","  1,403 ","  1,392 ","  1,681 ",,"  1,678 ","  2,006 "
 Palomar St ,"2,372","2,575","2,977","3,344","3,631","3,912","4,455","3,693","3,861","3,636","3,733","3,452","4,394","4,376","4,845","4,362","4,711","  3,513 ","4,399","4,226","4,386","4,379","4,035","4,209","5,108","5,091","4,938","4,925","4,818","4,509","4,697","4,706","4,818","4,983","5,005","5,054","5,105","5,048","5,004","5,273","  3,849 ","  2,122 ","  2,460 ","  2,654 ","  2,649 ","  3,302 ",,"  3,743 ","  4,153 "
 Park/Market ,"1,590","1,603","1,750","2,062","2,238","2,510","2,062","1,981","2,194","1,520","2,209","2,363","2,653","2,671","2,777","2,400","2,665","  1,744 ","2,512","2,434","2,835","2,864","2,847","3,009","3,333","3,376","3,432","3,587","3,357","3,151","3,275","3,144","3,224","3,367","3,384","3,320","3,341","3,349","3,202","3,684","  2,745 ","  1,591 ","  1,795 ","  1,942 ","  1,892 ","  2,368 ",,"  2,531 ","  2,976 "
 Qualcomm Stadium ,,,,,160,151,131,146,138,112,155,287,286,293,289,278,211,  204 ,267,372,343,264,443,282,251,421,333,270,507,272,227,239,236,203,204,251,258,235,234,214,  158 ,  97 ,  77 ,  76 ,,,,,
 Rio Vista ,,,,,232,255,281,296,294,294,337,600,587,622,668,556,500,  592 ,693,695,719,686,693,682,725,925,633,579,552,542,537,534,514,493,495,492,496,482,486,580,  411 ,  186 ,  208 ,  233 ,  233 ,  295 ,,  296 ,  392 
 San Ysidro ,"7,374","9,299","9,324","10,218","11,024","12,330","13,614","8,548","10,871","10,454","11,062","11,685","11,226","12,029","12,381","11,461","11,460","  6,859 ","8,417","8,710","9,803","10,367","9,968","9,499","10,942","10,816","10,423","10,216","9,544","9,545","10,506","10,939","11,250","11,611","11,699","12,125","12,748","13,325","13,206","13,369","  10,326 ","  5,963 ","  7,251 ","  7,841 ","  7,824 ","  9,305 ",,"  10,681 ","  12,286 "
 Santa Fe Depot ,120,189,323,384,505,723,824,790,908,795,926,882,879,903,964,725,725,  594 ,"5,310","5,493","5,053","4,839","4,948","4,319","4,249","4,441","4,035","3,921","4,037","3,491","3,672","2,480","2,083","2,148","2,150","2,193","2,061","2,135","2,244","2,253","  1,579 ",  713 ,  861 ,  923 ,  976 ,"  1,271 ",,"  1,407 ","  1,757 "
 Santee ,,590,681,724,724,708,678,618,638,754,690,944,"1,028","1,037","1,101",898,907,"  1,010 ","1,314","1,216","1,262","1,174","1,146","1,148","1,136","1,085","1,071","1,039","1,021",960,977,919,949,978,980,978,"1,004","1,027",976,26,  866 ,  585 ,  584 ,  624 ,  662 ,  741 ,,  748 ,  878 
 SDSU ,,,,,,,,,,,,"2,985","3,568","3,858","4,532","3,944","3,027","  2,476 ","3,216","2,402","3,617","3,286","2,450","3,459","3,005","2,579","3,359","2,753","2,043","2,767","2,529","1,846","2,689","2,535","2,539","1,779","2,528","2,372","1,734","3,299","  1,996 ",  493 ,  599 ,  714 ,  719 ,"  1,416 ",,"  1,193 ","  1,687 "
 Seaport Village ,293,228,335,293,401,365,361,374,456,419,429,439,384,422,479,469,452,  265 ,653,836,746,791,967,775,789,903,717,691,904,637,698,843,614,668,670,725,611,610,764,681,  447 ,  188 ,  266 ,  306 ,  281 ,  427 ,,  380 ,  495 
 Spring St ,494,489,594,775,885,895,909,763,"1,027",873,827,886,893,962,"1,048","1,005","1,008",  701 ,"1,183","1,069","1,110","1,109","1,089","1,074","1,017",958,935,925,888,853,881,823,846,854,853,809,847,872,815,875,  614 ,  269 ,  312 ,  366 ,  343 ,  424 ,,  405 ,  532 
 Tecolote Road,,,,,,,,,,,,,,,,,,,,,,,,,,,,,,,,,,,,,,,,,,,,,,,,  217 ,  301 
 UCSD Central Campus,,,,,,,,,,,,,,,,,,,,,,,,,,,,,,,,,,,,,,,,,,,,,,,,  677 ,"  1,428 "
 UCSD Health La Jolla,,,,,,,,,,,,,,,,,,,,,,,,,,,,,,,,,,,,,,,,,,,,,,,,  198 ,  418 
 UTC Station - Platform 1,,,,,,,,,,,,,,,,,,,,,,,,,,,,,,,,,,,,,,,,,,,,,,,,"  1,133 ",  687 
 UTC Station - Platform 2,,,,,,,,,,,,,,,,,,,,,,,,,,,,,,,,,,,,,,,,,,,,,,,,,  551 
 VA Medical Center,,,,,,,,,,,,,,,,,,,,,,,,,,,,,,,,,,,,,,,,,,,,,,,,  495 ,  667 
 Washington St ,,,356,420,519,642,483,574,638,596,731,601,654,700,641,551,498,  416 ,750,818,768,726,777,784,732,721,710,739,694,660,696,711,652,654,656,651,645,668,667,698,  520 ,  337 ,  382 ,  417 ,  436 ,  479 ,,  618 ,  790 
 Grand Total ,"56,021","61,693","70,465","81,002","90,455","97,577","100,228","90,532","95,369","90,599","93,264","106,087","111,888","116,137","123,339","112,301","116,264","  85,096 ","120,330","119,186","122,967","122,522","120,832","120,842","126,977","127,250","124,171","120,630","116,741","110,030","115,020","112,049","112,427","114,992","115,475","113,444","114,740","114,761","113,995","123,083","90,697","47,436","56,363","62,270","61,687","77,948",0,"85,190","103,761"